<?xml version="1.0" encoding="UTF-8"?>
<manifest identifier="com.example.ue5scenario.scorm12" version="1.2"
  xmlns="http://www.imsproject.org/xsd/imscp_rootv1p1p2"
  xmlns:adlcp="http://www.adlnet.org/xsd/adlcp_rootv1p2"
  xmlns:xsi="http://www.w3.org/2001/XMLSchema-instance"
  xsi:schemaLocation="http://www.imsproject.org/xsd/imscp_rootv1p1p2 imscp_rootv1p1p2.xsd
  http://www.adlnet.org/xsd/adlcp_rootv1p2 adlcp_rootv1p2.xsd">
  <organizations default="ORG1">
    <organization identifier="ORG1">
      <title>UE5 Scenario Tracker</title>
      <item identifier="ITEM1" identifierref="RES1" isvisible="true">
        <title>UE5 Scenario Tracker</title>
      </item>
    </organization>
  </organizations>
  <resources>
    <resource identifier="RES1" type="webcontent" adlcp:scormtype="sco" href="index.html">
      <file href="index.html"/>
      <file href="scorm.js"/>
      <file href="game.js"/>
      <file href="questions.js"/>
      <file href="style.css"/>
    </resource>
  </resources>
</manifest>
